m=n size, kernel time(ms)
16, 0.362837
32, 0.383659
64, 0.38912
128, 0.418816
256, 0.43952
512, 0.435883
1024, 0.442123
2048, 0.657013
4096, 1.32234
8192, 4.28388
16384, 16.826
32768, 99.7632
