k, cublas time(ms), wmma time(ms), basic tilling time(ms)
1024, 0.195456, 2.48006, 7.19997
2048, 0.314208, 4.42589, 14.6323
4096, 0.555808, 8.4081, 29.3664
8192, 1.0448, 16.4173, 58.6087
16384, 2.0257, 32.1781, 117.086
32768, 3.9639, 70.261, 234.234
65536, 7.83277, 126.922, 479.569
