k size, kernel time(ms)
16, 0.251861
32, 0.266656
64, 0.267499
128, 0.276875
256, 42.7516
512, 0.391744
1024, 0.511371
2048, 0.80704
4096, 1.32531
8192, 2.35692
16384, 6.06446
32768, 14.0933
