m=n, cublas time(ms), wmma time(ms), basic tilling time(ms)
1024, 0.1208, 1.25011, 2.09002
2048, 0.223392, 2.64256, 8.0257
4096, 0.555136, 8.34698, 29.3241
8192, 1.98768, 35.4448, 125.931
16384, 7.75949, 126.533, 467.816
32768, 30.7884, 507.572, 1871.68
